{"yellow_block": [154.5478057861328, 274.4644775390625, 188.12156677246094, 315.66082763671875], "green_block": [213.88282775878906, 274.7269592285156, 242.25694274902344, 316.6244812011719], "pink_block": [272.87255859375, 274.335205078125, 303.1080322265625, 314.778564453125], "red_block": [332.609130859375, 277.9517822265625, 367.39300537109375, 315.04461669921875], "purple_block": [330.8307800292969, 240.80958557128906, 364.7673034667969, 279.7806396484375]}