{"red_block": [293.5558776855469, 285.0242919921875, 325.1159973144531, 326.76458740234375], "pink_block": [223.06076049804688, 214.25924682617188, 252.43331909179688, 253.32003784179688], "blue_block": [224.3606719970703, 288.38970947265625, 253.3517608642578, 327.966064453125], "purple_block": [227.17181396484375, 252.42388916015625, 255.33926391601562, 290.7847900390625]}