{"yellow_block": [260.5843811035156, 254.0913543701172, 293.2929382324219, 295.54638671875], "orange_block": [256.1544494628906, 131.07513427734375, 288.3706359863281, 173.683349609375], "pink_block": [256.11322021484375, 213.14926147460938, 289.88165283203125, 255.44256591796875], "red_block": [253.62167358398438, 88.787109375, 285.0293884277344, 132.05429077148438], "green_block": [260.20599365234375, 294.8420715332031, 291.43572998046875, 336.4508361816406], "purple_block": [258.62860107421875, 172.7311248779297, 290.905517578125, 213.15672302246094]}