{"orange_block": [333.1874694824219, 273.3891906738281, 370.5148620605469, 316.7705383300781], "red_block": [234.82786560058594, 273.8050537109375, 264.12982177734375, 317.33551025390625], "green_block": [383.3133239746094, 273.5228271484375, 424.0345153808594, 316.575439453125], "blue_block": [119.20482635498047, 274.2853088378906, 158.50079345703125, 318.3663635253906], "pink_block": [175.5395965576172, 273.7633972167969, 209.31858825683594, 318.3111267089844], "yellow_block": [284.4122314453125, 273.7364501953125, 316.34197998046875, 316.7537841796875]}