{"orange_block": [308.7480773925781, 247.05931091308594, 345.0090637207031, 287.69122314453125], "yellow_block": [235.31431579589844, 284.5981750488281, 264.9601135253906, 326.9928894042969], "colored_block2": [312.07049560546875, 286.49920654296875, 346.72076416015625, 326.63031005859375], "pink_block": [231.47607421875, 247.70301818847656, 261.4778137207031, 288.5733947753906], "purple_block": [237.28472900390625, 207.8630828857422, 267.2385559082031, 248.71385192871094]}