{"orange_block": [308.4957580566406, 246.5218963623047, 345.5063781738281, 287.3479309082031], "red_block": [311.9412536621094, 286.1918029785156, 347.2335510253906, 326.8578186035156], "yellow_block": [234.9365234375, 285.28387451171875, 265.56915283203125, 327.61541748046875], "purple_block": [236.87118530273438, 207.04150390625, 267.81280517578125, 248.7698974609375], "pink_block": [231.00048828125, 247.1665802001953, 261.82958984375, 288.6210021972656]}