{"blue_block": [223.53622436523438, 288.2249450683594, 254.24667358398438, 328.6106262207031], "purple_block": [226.91139221191406, 252.2745819091797, 255.82334899902344, 290.6256408691406], "pink_block": [222.54420471191406, 213.60267639160156, 252.7498016357422, 253.15061950683594], "red_block": [293.33282470703125, 284.4222412109375, 325.6990966796875, 327.012451171875]}