{"green_block": [132.9917755126953, 277.08819580078125, 170.9166717529297, 321.03485107421875], "yellow_block": [197.4868927001953, 277.41253662109375, 228.70802307128906, 320.784912109375], "pink_block": [265.06195068359375, 276.931396484375, 295.44549560546875, 319.1630859375], "red_block": [321.6390380859375, 277.24041748046875, 356.0386962890625, 319.2877197265625]}