{"orange_block": [163.28207397460938, 274.5512390136719, 199.17068481445312, 321.1795959472656], "blue_block": [231.731689453125, 274.38336181640625, 263.7861633300781, 320.41644287109375], "red_block": [359.88818359375, 277.8155822753906, 399.2186279296875, 319.1647644042969], "purple_block": [357.50396728515625, 238.629638671875, 397.95074462890625, 279.4642333984375], "yellow_block": [299.6846618652344, 274.67626953125, 335.1847839355469, 320.12677001953125]}