{"orange_block": [332.9289245605469, 272.6156921386719, 370.9962463378906, 317.1803283691406], "green_block": [383.034423828125, 272.6435546875, 425.0042724609375, 317.21435546875], "blue_block": [118.17906188964844, 273.266357421875, 159.3759002685547, 318.959716796875], "red_block": [234.30447387695312, 272.90960693359375, 264.6262512207031, 317.88507080078125], "yellow_block": [284.0461730957031, 273.04095458984375, 316.8450622558594, 317.34521484375], "pink_block": [175.0022735595703, 272.8614501953125, 209.90406799316406, 318.732421875]}