{"orange_block": [320.2795715332031, 275.19830322265625, 356.9992980957031, 317.224365234375], "green_block": [193.63978576660156, 280.8116149902344, 225.40672302246094, 320.1018371582031], "red_block": [264.2426452636719, 241.56341552734375, 293.7997131347656, 281.221435546875], "yellow_block": [192.99905395507812, 203.70375061035156, 225.51495361328125, 243.98829650878906], "purple_block": [261.5018310546875, 279.9398193359375, 290.3585205078125, 318.1876220703125], "pink_block": [190.51837158203125, 242.98260498046875, 222.34371948242188, 282.4122314453125]}