{"orange_block": [255.8496551513672, 130.6581268310547, 288.842041015625, 173.2050018310547], "green_block": [258.9185791015625, 294.1123962402344, 292.42578125, 337.1385803222656], "red_block": [253.1928253173828, 88.20269775390625, 285.40399169921875, 131.31915283203125], "yellow_block": [260.29034423828125, 254.36111450195312, 293.57733154296875, 295.6431579589844], "purple_block": [258.2536926269531, 172.60693359375, 291.5598449707031, 213.09613037109375], "pink_block": [255.72247314453125, 212.81790161132812, 290.2691650390625, 255.36221313476562]}