{"orange_block": [257.10101318359375, 167.5153350830078, 288.57373046875, 208.25547790527344], "green_block": [260.43011474609375, 126.59405517578125, 292.427978515625, 168.327392578125], "blue_block": [259.974609375, 207.35324096679688, 292.03594970703125, 246.98892211914062], "red_block": [258.12628173828125, 245.99908447265625, 288.98236083984375, 285.31207275390625], "yellow_block": [261.0001525878906, 283.8971862792969, 292.0406188964844, 325.3753967285156]}