{"green_block": [212.72555541992188, 273.6871337890625, 243.25271606445312, 317.30914306640625], "red_block": [332.5314636230469, 277.7813720703125, 367.9361267089844, 315.2637939453125], "yellow_block": [153.95143127441406, 273.89031982421875, 188.6779022216797, 316.074951171875], "purple_block": [330.2279052734375, 239.8719482421875, 365.47479248046875, 279.326171875], "pink_block": [272.60235595703125, 273.5530700683594, 303.57177734375, 315.1660461425781]}