{"orange_block": [212.30081176757812, 284.782470703125, 244.07275390625, 331.058349609375], "green_block": [289.49810791015625, 212.75636291503906, 323.32391357421875, 251.4033966064453], "blue_block": [286.20037841796875, 174.26010131835938, 322.660400390625, 215.52615356445312], "red_block": [288.8529052734375, 289.0589904785156, 322.6046142578125, 329.3291320800781], "yellow_block": [286.39111328125, 250.38687133789062, 319.94073486328125, 290.3967590332031], "purple_block": [290.414306640625, 132.07037353515625, 325.51971435546875, 174.81610107421875]}