{"rightmost_peg": [352.5692138671875, 172.737060546875, 367.09112548828125, 310.9996032714844], "wooden_stick1": [199.97537231445312, 168.0687255859375, 213.94998168945312, 300.4088134765625], "wooden_stick2": [276.5316467285156, 171.59951782226562, 289.9587097167969, 301.9491882324219], "colored_disk": [185.6300506591797, 294.3040466308594, 225.9045867919922, 316.4120788574219], "colored_disk1": [254.66552734375, 291.644775390625, 313.65704345703125, 318.93621826171875]}