{"wooden_stick": [276.9228820800781, 177.11737060546875, 290.5960388183594, 319.785888671875], "rightmost_peg": [351.44415283203125, 178.17340087890625, 366.33966064453125, 313.10626220703125], "wooden_stick2": [203.44512939453125, 174.0210723876953, 216.22259521484375, 209.84315490722656], "colored_disk": [178.14622497558594, 260.55108642578125, 238.0907745361328, 277.4498291015625], "colored_disk1": [187.29095458984375, 233.46881103515625, 230.4324951171875, 248.70150756835938], "colored_disk2": [194.13681030273438, 208.6940460205078, 224.84268188476562, 221.56263732910156], "colored_disk3": [170.0491943359375, 300.9639892578125, 243.58285522460938, 324.10498046875], "colored_disk4": [189.10482788085938, 220.12774658203125, 228.37945556640625, 234.63015747070312], "colored_disk5": [173.93214416503906, 286.58013916015625, 244.1374053955078, 308.12939453125], "colored_disk6": [175.89759826660156, 274.2730407714844, 240.35520935058594, 292.6994934082031], "colored_disk7": [184.49136352539062, 247.52320861816406, 233.0802001953125, 262.6117858886719]}