{"wooden_stick": [273.8486633300781, 172.05044555664062, 287.3486633300781, 317.89501953125], "rightmost_peg": [350.30535888671875, 173.30963134765625, 365.3111572265625, 311.7874755859375], "colored_disk": [170.6745147705078, 258.09417724609375, 232.64491271972656, 275.540283203125], "colored_disk1": [180.05967712402344, 217.47901916503906, 224.9867401123047, 233.36631774902344], "colored_disk2": [187.23963928222656, 192.18959045410156, 219.5172576904297, 205.89442443847656], "colored_disk3": [182.39883422851562, 203.89305114746094, 223.23184204101562, 219.2696990966797], "colored_disk4": [176.96185302734375, 231.8595733642578, 227.51889038085938, 247.95823669433594], "wooden_stick2": [197.27066040039062, 168.7391357421875, 210.30831909179688, 193.45675659179688], "colored_disk5": [166.7751007080078, 284.0225524902344, 239.49024963378906, 307.2228088378906], "colored_disk6": [169.0639190673828, 271.6325378417969, 235.5054168701172, 291.0674133300781], "colored_disk7": [163.50123596191406, 299.40374755859375, 239.0442657470703, 323.49102783203125]}