{"right_peg": [355.79998779296875, 167.80410766601562, 369.95904541015625, 304.8607177734375], "wooden_stick1": [279.74658203125, 166.8123779296875, 292.98236083984375, 307.0557556152344], "colored_disk": [173.58108520507812, 265.51116943359375, 244.716552734375, 284.353515625], "colored_disk1": [171.77552795410156, 278.9272766113281, 245.8968048095703, 300.0846862792969], "wooden_stick2": [204.31651306152344, 163.5238800048828, 217.5636749267578, 214.0078887939453], "colored_disk2": [178.6479034423828, 238.5941925048828, 239.35914611816406, 253.7295379638672], "colored_disk3": [188.24803161621094, 224.47718811035156, 232.1757049560547, 239.5501251220703], "colored_disk4": [168.08094787597656, 292.3841552734375, 247.4041290283203, 316.8260498046875], "colored_disk5": [177.23130798339844, 252.23866271972656, 242.3766326904297, 268.9942321777344], "colored_disk6": [195.1114501953125, 212.69972229003906, 226.69207763671875, 225.27268981933594]}