{"rightmost_peg": [359.86236572265625, 176.87786865234375, 375.348876953125, 315.7686462402344], "wooden_stick1": [283.5209655761719, 175.5716552734375, 297.0835266113281, 321.0902404785156], "wooden_stick2": [206.5439453125, 172.0562286376953, 220.40899658203125, 239.2335968017578], "colored_disk": [172.9398193359375, 289.5642395019531, 248.97610473632812, 312.2671203613281], "colored_disk1": [175.15821838378906, 274.407470703125, 247.93507385253906, 295.44622802734375], "colored_disk2": [185.43301391601562, 263.7376403808594, 239.30099487304688, 278.9163513183594], "colored_disk3": [190.5367431640625, 250.04153442382812, 235.32095336914062, 265.3610534667969], "colored_disk4": [169.91506958007812, 303.0918273925781, 251.51895141601562, 329.5891418457031], "colored_disk5": [196.70999145507812, 237.79393005371094, 228.47476196289062, 251.18882751464844]}