{"wooden_stick": [276.8819580078125, 172.1371307373047, 290.23004150390625, 315.4971923828125], "wooden_stick1": [201.22557067871094, 168.99371337890625, 214.8339385986328, 287.6623229980469], "right_peg": [352.9361877441406, 172.947021484375, 367.3749084472656, 310.43072509765625], "colored_disk": [164.4678955078125, 293.5812683105469, 245.38031005859375, 321.9772644042969], "colored_disk1": [175.6281280517578, 279.5378723144531, 236.61973571777344, 303.4911804199219]}