{"right_peg": [354.3489990234375, 183.14877319335938, 370.220703125, 317.4107360839844], "wooden_stick1": [280.7571105957031, 182.27699279785156, 294.1515808105469, 321.94171142578125], "colored_disk": [176.90281677246094, 278.8457336425781, 246.8325653076172, 297.5143737792969], "colored_disk1": [186.7042236328125, 239.85499572753906, 239.09976196289062, 252.8049774169922], "colored_disk2": [174.25233459472656, 292.1577453613281, 247.1314239501953, 313.2265319824219], "colored_disk3": [182.55081176757812, 251.65415954589844, 242.3978271484375, 267.25714111328125], "colored_disk4": [180.22377014160156, 265.56671142578125, 244.16456604003906, 281.98822021484375], "colored_disk5": [191.7606964111328, 211.85464477539062, 235.18199157714844, 227.51193237304688], "colored_disk6": [170.23960876464844, 304.7903747558594, 249.08546447753906, 329.8518981933594], "colored_disk7": [194.17276000976562, 199.1663055419922, 233.11456298828125, 214.14857482910156], "colored_disk8": [188.86990356445312, 225.73741149902344, 237.5198974609375, 241.4512481689453], "colored_disk9": [199.39581298828125, 188.08657836914062, 229.77398681640625, 201.21200561523438]}