{"wooden_stick": [266.87261962890625, 169.79647827148438, 280.51849365234375, 315.5821838378906], "rightmost_peg": [344.97503662109375, 170.40628051757812, 359.70977783203125, 311.6119384765625], "wooden_stick2": [189.712158203125, 166.80401611328125, 203.54519653320312, 259.1922912597656], "colored_disk": [156.7708740234375, 283.7787780761719, 233.35275268554688, 307.1258239746094], "colored_disk1": [158.5064239501953, 270.275390625, 231.9605255126953, 290.69610595703125], "colored_disk2": [153.6684112548828, 296.56195068359375, 236.61073303222656, 323.7916259765625], "colored_disk3": [161.6937255859375, 254.9199981689453, 229.02951049804688, 275.0596923828125]}