{"bowl": [62.04248809814453, 350.96234130859375, 204.88671875, 478.17437744140625], "tomato": [306.0039978027344, 335.90533447265625, 376.8807678222656, 417.25384521484375], "wooden_board": [203.21380615234375, 172.0015411376953, 330.8306884765625, 229.26707458496094], "black_tray": [50.45259094238281, 355.3288879394531, 442.824951171875, 501.4810485839844], "chopping_knife": [293.81884765625, 106.68788146972656, 510.726806640625, 178.3683624267578], "robotic_gripper": [293.79400634765625, 0.048828125, 511.46514892578125, 178.5692138671875]}