{"bowl": [62.2349853515625, 350.3126220703125, 204.7877197265625, 477.807861328125], "vegetable": [246.70252990722656, 378.37005615234375, 405.043701171875, 466.77734375], "vegetable1": [207.29672241210938, 334.7760009765625, 368.5679016113281, 428.3255615234375], "wooden_board": [203.32965087890625, 171.69847106933594, 331.20855712890625, 229.0728302001953], "black_tray": [47.0472412109375, 346.50323486328125, 475.02960205078125, 511.29473876953125], "chopping_knife": [293.9825439453125, 105.86212158203125, 511.2265625, 177.80462646484375], "robotic_gripper": [293.7132568359375, 0.05941009521484375, 511.5643310546875, 177.97216796875], "robotic_gripper1": [77.34127807617188, 0.04120635986328125, 218.93600463867188, 222.579833984375]}