{"bowl": [62.0323486328125, 350.3211669921875, 205.13809204101562, 478.01361083984375], "cucumber": [230.837890625, 384.0626525878906, 425.5369873046875, 464.9839172363281], "tomato": [291.5682373046875, 319.4808349609375, 358.77264404296875, 396.93280029296875], "black_tray": [50.14408874511719, 354.972412109375, 445.302734375, 500.74163818359375], "wooden_board": [203.38534545898438, 171.5181427001953, 331.1944885253906, 228.78880310058594], "chopping_knife": [294.2257995605469, 105.77146911621094, 414.1718444824219, 177.2812957763672], "robotic_gripper": [293.936767578125, 0.06607818603515625, 511.71875, 177.699462890625], "robotic_gripper1": [77.08085632324219, -0.0114593505859375, 218.9877166748047, 222.53839111328125]}