{"bowl": [62.043968200683594, 348.7332763671875, 205.07037353515625, 476.61517333984375], "wooden_board": [204.2808380126953, 172.03091430664062, 331.8278503417969, 226.62677001953125], "cucumber": [226.45216369628906, 374.4349365234375, 376.847412109375, 471.80548095703125], "vegetable1": [208.31210327148438, 143.24122619628906, 259.64569091796875, 196.0847930908203], "black_tray": [50.78169250488281, 354.6676025390625, 444.38067626953125, 499.01922607421875], "vegetable2": [259.15240478515625, 146.24795532226562, 312.67333984375, 194.745849609375], "chopping_knife": [294.1421203613281, 104.12369537353516, 511.6824035644531, 176.28903198242188], "robotic_gripper": [77.01570892333984, -0.0287628173828125, 219.27548217773438, 221.6348419189453], "robotic_gripper1": [294.3721618652344, 0.02623748779296875, 511.7138366699219, 176.61212158203125]}