{"bowl": [62.119422912597656, 351.5863952636719, 204.85647583007812, 478.2820129394531], "cucumber": [259.42559814453125, 372.92095947265625, 418.48260498046875, 473.35357666015625], "wooden_board": [203.05401611328125, 172.89505004882812, 330.60394287109375, 229.99075317382812], "black_tray": [47.257659912109375, 348.8078918457031, 476.7791442871094, 511.8717346191406], "chopping_knife": [293.6407470703125, 107.29363250732422, 510.36822509765625, 179.18447875976562], "robotic_gripper": [76.78070068359375, -0.0401763916015625, 218.67877197265625, 223.9844970703125], "robotic_gripper1": [293.4862365722656, 0.0246429443359375, 510.9460144042969, 179.3611297607422]}