{"bowl": [62.0447998046875, 349.77508544921875, 205.08981323242188, 477.4510498046875], "wooden_board": [204.3224639892578, 171.63552856445312, 331.6572265625, 227.57455444335938], "tomato": [299.4947814941406, 372.4670104980469, 376.7388610839844, 460.4497985839844], "black_tray": [51.5325927734375, 355.30511474609375, 444.95184326171875, 499.7384033203125], "vegetable1": [274.5666809082031, 139.9962615966797, 309.3357238769531, 201.86402893066406], "vegetable2": [234.281494140625, 157.8828125, 269.41973876953125, 202.81301879882812], "chopping_knife": [293.9673767089844, 104.95164489746094, 511.5747375488281, 177.0391082763672], "robotic_gripper": [77.18206787109375, -0.02625274658203125, 218.68646240234375, 222.08865356445312], "robotic_gripper1": [294.2430419921875, 0.00933837890625, 511.64044189453125, 177.37603759765625]}