{"blue_disk": [195.75492063492064, 213.3079365079365, 225.41968253968253, 225.96402116402115], "pink_disk": [189.22920634920635, 225.17333333333335, 231.94539682539684, 237.829417989418], "orange_disk": [179.73714285714286, 238.6201058201058, 239.064126984127, 253.64994708994706], "purple_disk": [177.95555555555558, 252.85925925925926, 240.85079365079366, 267.0984126984127], "blue_disk2": [174.9904761904762, 265.5153439153439, 244.40634920634918, 283.71640211640215], "pink_disk2": [173.21015873015872, 279.75449735449735, 244.99809523809526, 297.9487830687831], "orange_disk2": [168.46476190476193, 293.20296296296294, 246.77714285714288, 316.13968253968255], "left_peg": [205.24825396825395, 164.2632804232804, 216.5206349206349, 212.15548497280108], "middle_peg": [281.78031746031746, 168.2184126984127, 291.8666666666666, 304.27597883597883], "right_peg": [357.1276190476191, 168.2184126984127, 367.8057142857143, 301.11322751322746]}