{"blue_disk": [194.6577777777778, 209.30370370370372, 224.41396825396825, 222.65566137566137], "green_disk": [189.79428571428573, 220.74751322751322, 227.84761904761908, 234.86306878306877], "pink_disk": [188.3631746031746, 234.8630687830688, 230.13587301587302, 248.59597883597883], "yellow_disk": [184.93079365079365, 248.59597883597883, 232.7111111111111, 262.70984126984126], "orange_disk": [178.63619047619048, 261.9479365079365, 237.2888888888889, 278.3492063492063], "purple_disk": [176.6336507936508, 274.91724867724866, 240.1498412698413, 292.46645502645504], "blue_disk2": [174.9206349206349, 285.9801058201058, 243.29650793650794, 307.72486772486775], "pink_disk2": [170.62476190476193, 301.24021164021167, 242.72507936507938, 322.98497354497357], "left_peg": [204.65396825396826, 175.3379894179894, 215.92634920634922, 208.3784684713517], "middle_peg": [278.2209523809523, 177.7100529100529, 289.4933333333333, 311.3955555555555], "right_peg": [352.3809523809524, 179.2931216931217, 364.8393650793651, 312.1879365079365]}