{"blue_disk": [199.93015873015872, 189.56190476190474, 229.33333333333334, 202.27894179894176], "green_disk": [194.96380952380952, 199.89502645502648, 232.71365079365077, 214.99428571428575], "pink_disk": [192.77714285714285, 212.87449735449735, 234.50158730158728, 228.50539682539682], "yellow_disk": [189.79809523809524, 225.85566137566138, 236.8863492063492, 241.48656084656085], "green_disk2": [187.8095238095238, 240.69079365079364, 238.6742857142857, 253.67195767195767], "orange_disk": [183.44126984126984, 252.3479365079365, 242.05206349206347, 267.4488888888889], "purple_disk": [181.05523809523808, 266.6531216931217, 243.44126984126984, 282.01820105820104], "blue_disk2": [177.87936507936507, 279.3701587301587, 246.4253968253968, 297.1191534391534], "pink_disk2": [175.09460317460315, 292.87957671957673, 246.6222222222222, 313.0141798941799], "orange_disk2": [170.92190476190476, 304.54179894179896, 248.80761904761906, 329.70328042328043], "left_peg": [208.72380952380954, 180.40719576719576, 219.43492063492062, 188.54344339675134], "middle_peg": [282.0596825396825, 183.15343915343917, 293.18349206349205, 319.388783068783], "right_peg": [356.21968253968254, 184.25227513227514, 368.5790476190476, 316.6408465608465]}