{"blue_disk": [188.02539682539683, 192.5248677248677, 218.53968253968253, 206.51005291005288], "green_disk": [183.25714285714287, 203.96867724867727, 222.5968253968254, 219.54708994708994], "pink_disk": [181.11111111111111, 217.95724867724866, 224.5079365079365, 234.17566137566135], "yellow_disk": [178.01904761904763, 232.26243386243385, 226.8825396825397, 246.88592592592593], "green_disk2": [176.34285714285716, 247.83915343915342, 229.03492063492064, 260.55449735449736], "orange_disk": [171.8095238095238, 258.9663492063492, 232.3720634920635, 274.8613756613757], "purple_disk": [169.9047619047619, 273.26984126984127, 234.99555555555557, 290.11978835978834], "blue_disk2": [167.9974603174603, 285.0336507936508, 239.04888888888888, 306.0148148148148], "pink_disk2": [164.4215873015873, 299.97544973544973, 238.3326984126984, 322.8630687830688], "left_peg": [198.66285714285715, 170.35343915343915, 209.54920634920634, 193.57138424351942], "middle_peg": [275.2761904761905, 173.64994708994706, 286.17142857142863, 312.7415873015873], "right_peg": [351.92380952380955, 173.64994708994706, 363.7917460317461, 309.4518518518518]}