{"blue_disk": [196.3479365079365, 251.27788359788357, 227.79174603174604, 263.1432804232804], "pink_disk": [188.0431746031746, 263.14328042328043, 231.35238095238094, 278.9638095238095], "yellow_disk": [185.0768253968254, 279.75449735449735, 235.5047619047619, 294.7843386243386], "pink_disk2": [171.4311111111111, 289.2478306878307, 247.96444444444444, 312.97862433862434], "orange_disk": [168.46984126984128, 305.8590476190476, 249.15047619047618, 329.58984126984126], "left_peg": [206.43428571428572, 172.9642328042328, 217.70666666666668, 252.48736439833186], "middle_peg": [284.1536507936508, 177.7100529100529, 294.8330158730159, 320.098201058201], "right_peg": [361.87301587301585, 177.7100529100529, 375.51873015873014, 316.14306878306877]}