{"green_disk": [186.85587301587302, 294.7843386243386, 225.41968253968255, 315.35068783068783], "orange_disk": [253.89714285714285, 291.6198941798942, 313.8184126984127, 318.51513227513226], "left_peg": [201.09460317460315, 169.00910052910052, 213.55301587301585, 299.5651394044153], "middle_peg": [278.2209523809523, 172.17354497354498, 289.4933333333333, 300.4371552774311], "right_peg": [354.1612698412698, 175.3396825396825, 366.0266666666667, 312.1879365079365]}