{"green_disk": [176.17650793650796, 267.0984126984127, 231.94920634920638, 284.50031746031743], "blue_disk": [166.09142857142857, 279.75449735449735, 240.25396825396825, 297.9555555555555], "pink_disk": [162.53968253968253, 297.9487830687831, 240.25142857142856, 323.2626455026455], "left_peg": [198.00507936507935, 157.16571428571427, 210.34285714285716, 271.2464565027476], "middle_peg": [280.6653968253968, 162.0994708994709, 291.151746031746, 305.2139682539683], "right_peg": [362.7085714285714, 163.7451851851852, 375.6622222222222, 310.14772486772483]}