{"orange_disk": [177.36380952380952, 280.5451851851852, 236.09777777777776, 303.485291005291], "orange_disk2": [164.90158730158728, 293.99365079365083, 244.9968253968254, 322.4702645502646], "left_peg": [202.87492063492064, 169.79978835978835, 214.1473015873016, 287.47970861417747], "middle_peg": [278.2209523809523, 172.9642328042328, 288.9003174603174, 312.9786243386244], "right_peg": [354.1612698412698, 174.54560846560847, 367.21269841269844, 311.3955555555556]}