{"purple_disk": [162.5320634920635, 257.60507936507935, 228.38603174603173, 274.21798941798943], "blue_disk": [159.56571428571428, 271.84761904761905, 231.9453968253968, 290.0385185185185], "pink_disk": [157.78539682539682, 286.0698412698413, 232.53841269841266, 301.10476190476186], "orange_disk": [154.22603174603174, 300.3208465608466, 235.5047619047619, 321.67957671957674], "left_peg": [192.1904761904762, 167.42772486772486, 202.87492063492064, 259.70978760257765], "middle_peg": [268.135873015873, 172.17354497354498, 279.4069841269842, 316.1396825396825], "right_peg": [345.8552380952381, 172.17354497354498, 358.9066666666667, 312.194708994709]}