{"blue_disk": [197.8184126984127, 238.78941798941798, 228.1142857142857, 251.37269841269838], "pink_disk": [191.36, 251.15089947089945, 234.57777777777778, 265.94201058201054], "green_disk": [186.55873015873016, 264.83809523809526, 239.04507936507937, 278.30518518518517], "blue_disk2": [176.29206349206348, 275.43534391534394, 247.32444444444442, 295.74603174603175], "pink_disk2": [174.14095238095237, 289.34433862433866, 248.31746031746033, 312.08296296296294], "orange_disk": [170.664126984127, 301.92761904761903, 251.29777777777778, 329.2952380952381], "left_peg": [207.41587301587302, 173.46708994708993, 219.09206349206352, 239.74103452119698], "middle_peg": [285.0120634920635, 177.586455026455, 296.0, 319.0349206349206], "right_peg": [360.8888888888889, 178.04867724867722, 374.27809523809526, 315.8349206349206]}