{"wooden_stick": [361.2330017089844, 161.35223388671875, 376.2138977050781, 309.81903076171875], "wooden_stick1": [279.07904052734375, 160.17437744140625, 293.12646484375, 316.124755859375], "wooden_stick2": [196.96246337890625, 156.67420959472656, 211.90548706054688, 272.7265625], "colored_disk": [164.25033569335938, 278.3768005371094, 241.49114990234375, 305.3376159667969], "colored_disk1": [161.7148895263672, 296.1389465332031, 241.4307098388672, 322.0745544433594], "colored_disk2": [175.6614990234375, 265.46820068359375, 232.77789306640625, 286.3271484375]}