{"wooden_stick": [360.4087829589844, 176.80165100097656, 376.4233703613281, 318.6788330078125], "wooden_stick1": [282.6416320800781, 175.8148193359375, 296.6172180175781, 320.4780578613281], "wooden_stick2": [204.8902587890625, 172.33251953125, 218.85781860351562, 253.16311645507812], "colored_disk": [171.1633758544922, 287.9609375, 248.63172912597656, 314.377685546875], "colored_disk1": [184.7056884765625, 277.5244140625, 235.75540161132812, 295.64166259765625], "colored_disk2": [187.49600219726562, 263.5098571777344, 232.67446899414062, 279.7159118652344], "colored_disk3": [167.87742614746094, 305.20562744140625, 250.5493927001953, 331.907470703125], "colored_disk4": [195.0902862548828, 251.1563262939453, 227.3208770751953, 264.8919372558594]}