{"bowl": [61.67592156862745, 351.865, 204.17254901960786, 478.84999999999997], "cutting_board": [204.17254901960786, 173.26333333333332, 330.01411764705887, 229.79999999999998], "cucumber": [261.17145098039214, 372.5116666666667, 418.47215686274507, 474.1000000000001], "knife": [295.4792156862745, 107.71666666666665, 509.52784313725493, 177.36666666666665], "counter": [50.57254901960784, 333.01666666666665, 476.2101960784314, 512.0], "a_bot": [77.10117647058823, 2.033333333333333, 216.50823529411767, 224.0666666666667], "b_bot": [333.10117647058826, 0.39999999999999997, 486.0862745098039, 169.98333333333332]}