{"knife": [294.8517647058823, 106.90166666666666, 508.9003921568628, 175.71666666666667], "bowl": [64.14305882352942, 351.05, 204.17254901960786, 476.40000000000003], "carrot": [218.3654901960784, 382.18333333333334, 410.2023529411765, 446.90000000000003], "cutting_board": [204.78870588235296, 171.625, 331.2439215686275, 227.33333333333334], "counter": [51.18745098039216, 332.2, 478.06745098039215, 511.6233333333333], "cucumber1": [218.3654901960784, 162.59666666666666, 274.93882352941176, 208.48333333333335], "cucumber2": [272.2166666666666666, 151.12666666666666, 299.0357, 200.44], "a_bot": [80.18823529411765, 0.31666666666666665, 217.12313725490196, 221.60000000000002], "b_bot": [343.59215686274507, 1.2166666666666666, 478.06745098039215, 166.7]}