{"bowl": [62.90949019607843, 351.045, 204.17254901960786, 475.5833333333333], "knife": [294.8517647058823, 106.90166666666666, 506.4407843137255, 177.36666666666667], "cutting_board": [204.17254901960786, 171.62333333333333, 331.24392156862746, 226.51666666666665], "counter": [51.18745098039216, 332.2, 478.06117647058824, 512.0], "carrot": [239.33364705882354, 387.91333333333336, 411.44470588235293, 469.8333333333333], "a_bot": [77.71607843137254, 1.2166666666666666, 217.73803921568626, 221.6], "b_bot": [336.80313725490197, 1.2166666666666666, 476.8250980392157, 168.35]}