{"tomato": [306.57254901960783, 336.29333333333335, 376.2823529411765, 418.23333333333335], "knife": [294.8517647058823, 106.89999999999999, 506.4407843137255, 178.1833333333333], "bowl": [62.908235294117645, 350.2266666666667, 204.78745098039215, 477.2166666666667], "counter": [49.95764705882353, 332.2, 476.21019607843135, 512.0], "cutting_board": [203.55513725490195, 172.44333333333336, 330.01411764705887, 228.15], "a_bot": [78.33098039215687, 0.0, 217.1356862745098, 222.41666666666666], "b_bot": [334.94588235294117, 0.395, 488.5458823529412, 169.16666666666666]}