{"counter": [49.955137254901956, 332.2, 477.44, 512.0], "bowl": [62.29333333333333, 350.2266666666667, 204.17254901960786, 478.03333333333336], "knife": [295.46666666666664, 105.26666666666667, 505.8258823529412, 175.71666666666667], "carrot1": [233.16580392156862, 156.31666666666666, 271.6596078431372, 205.57500000000002], "carrot2": [274.16580392156862, 139.31666666666666, 312.6596078431372, 202.57500000000002], "tomato": [299.1698823529412, 372.34666666666664, 376.8972549019608, 459.2], "cutting_board": [205.40235294117647, 169.16666666666666, 331.24392156862746, 228.155], "a_bot": [78.33098039215687, 0.395, 218.36549019607844, 219.96666666666667], "b_bot": [335.5607843137255, 1.1333333333333333, 488.5458823529412, 167.53333333333333]}