{"colored_block": [212.31793212890625, 285.3311767578125, 243.76409912109375, 330.756103515625], "colored_block1": [286.49139404296875, 250.47006225585938, 319.673583984375, 290.5738830566406], "colored_block2": [291.13604736328125, 132.94993591308594, 324.7799072265625, 174.73085021972656], "colored_block3": [290.27886962890625, 212.86488342285156, 322.80767822265625, 251.1788787841797], "colored_block4": [286.5976867675781, 174.47329711914062, 321.8102722167969, 215.71575927734375], "colored_block5": [289.2667541503906, 289.5354309082031, 321.7123107910156, 328.9416809082031]}