{"colored_block": [261.1459045410156, 127.20039367675781, 291.5667419433594, 168.34803771972656], "colored_block2": [261.4007873535156, 283.7010192871094, 291.4115905761719, 324.8863830566406], "colored_block3": [257.3886413574219, 167.905517578125, 288.2237854003906, 208.4359130859375], "colored_block4": [258.61346435546875, 246.184814453125, 288.5726318359375, 285.63226318359375], "colored_block5": [260.5588684082031, 207.7425079345703, 291.2431945800781, 246.8949432373047]}