{"colored_block": [320.5622253417969, 275.84051513671875, 356.2995910644531, 316.882080078125], "colored_block1": [193.57603454589844, 204.2567138671875, 224.92149353027344, 243.9161376953125], "colored_block2": [264.5938720703125, 242.21034240722656, 293.49298095703125, 281.3760681152344], "colored_block3": [194.51161193847656, 280.6813049316406, 224.6055145263672, 319.6639099121094], "colored_block4": [190.7627716064453, 243.2754364013672, 222.00657653808594, 282.3391418457031], "colored_block5": [261.7981262207031, 280.1668395996094, 289.8131408691406, 317.8081970214844]}