{"colored_block": [134.1535186767578, 277.9774169921875, 170.12953186035156, 320.41668701171875], "colored_block1": [321.9185485839844, 277.9709777832031, 355.5654602050781, 319.0371398925781], "colored_block2": [265.5383605957031, 277.6689758300781, 295.0599060058594, 318.9391784667969], "colored_block3": [197.9852294921875, 277.8479309082031, 228.15023803710938, 320.3178405761719]}