{"colored_block": [163.3535614013672, 275.0026550292969, 198.7427215576172, 320.8310852050781], "colored_block1": [299.95855712890625, 275.2248229980469, 334.66717529296875, 319.7432556152344], "colored_block2": [232.8195037841797, 275.5697937011719, 262.7200622558594, 319.7004699707031], "colored_block3": [358.044677734375, 239.6831512451172, 397.25030517578125, 279.7326354980469], "colored_block4": [360.17266845703125, 278.04437255859375, 398.58062744140625, 318.8455810546875]}