{"bowl": [62.55963134765625, 350.076171875, 205.49676513671875, 478.01531982421875], "wooden_board": [204.47274780273438, 171.03880310058594, 332.1200866699219, 228.23268127441406], "vegetable": [271.81683349609375, 152.84939575195312, 298.403564453125, 199.122314453125], "vegetable1": [218.18963623046875, 161.65609741210938, 273.7927551269531, 207.7625732421875], "vegetable2": [217.777587890625, 381.52313232421875, 410.681884765625, 449.08172607421875], "chopping_knife": [294.73712158203125, 105.85914611816406, 511.623046875, 177.59938049316406], "black_tray": [48.783843994140625, 353.49609375, 477.8655700683594, 512.03369140625], "robotic_gripper": [77.6030502319336, -0.01491546630859375, 219.58770751953125, 222.567626953125], "robotic_gripper1": [294.8388977050781, 0.0722198486328125, 511.7268981933594, 177.85845947265625]}