{"bowl": [62.03770446777344, 350.2831726074219, 204.97035217285156, 477.9342956542969], "vegetable": [272.4924011230469, 373.92767333984375, 348.3644714355469, 460.843017578125], "wooden_board": [203.21311950683594, 171.83563232421875, 330.66619873046875, 229.43377685546875], "black_tray": [47.800811767578125, 351.84735107421875, 444.4256591796875, 503.05413818359375], "chopping_knife": [293.8503723144531, 106.3654556274414, 413.8710632324219, 177.63681030273438], "robotic_gripper": [76.86177062988281, 0.0128021240234375, 218.81663513183594, 222.65704345703125], "robotic_gripper1": [293.7000732421875, 0.0777587890625, 511.01727294921875, 178.19781494140625], "vegetable1": [226.57376098632812, 342.5938415527344, 404.5313415527344, 401.9468688964844]}