{"bowl": [62.169281005859375, 349.9556579589844, 205.22222900390625, 477.9596862792969], "vegetable": [213.16995239257812, 406.1070251464844, 405.0003967285156, 478.6721496582031], "vegetable1": [236.48965454101562, 340.2471618652344, 308.5427551269531, 423.6917419433594], "vegetable2": [287.1749999999997, 342.0235, 424.88547922, 412.88436432171], "wooden_board": [203.4652099609375, 171.24757385253906, 331.30706787109375, 228.5735626220703], "black_tray": [48.21405029296875, 351.5419921875, 477.185546875, 511.72845458984375], "chopping_knife": [294.0493469238281, 105.59794616699219, 511.3288879394531, 177.68504333496094], "robotic_gripper": [293.957763671875, 0.0458526611328125, 511.64947509765625, 177.90834045410156], "robotic_gripper1": [77.20339965820312, 0.01805877685546875, 218.78582763671875, 222.54974365234375]}
