{"bowl": [62.017730712890625, 350.39398193359375, 205.02755737304688, 477.96429443359375], "vegetable": [237.8065185546875, 385.72674560546875, 412.68359375, 469.38482666015625], "wooden_board": [203.30227661132812, 171.74615478515625, 330.9241027832031, 229.295166015625], "black_tray": [47.62577819824219, 353.7463073730469, 476.38037109375, 511.8569030761719], "chopping_knife": [293.8837890625, 106.10762786865234, 510.80169677734375, 177.84689331054688], "robotic_gripper": [77.19302368164062, -0.00681304931640625, 218.65463256835938, 222.76559448242188], "robotic_gripper1": [293.7088623046875, 0.089996337890625, 511.38116455078125, 178.1493682861328]}